,autores,titulo,revista,volume,paginas,ano,doi,link
0,"Geraldo P. Rocha Filho, Rodolfo Ipolito Meneguette, Guilherme Maia, Gustavo Pessin, Vinícius P. Gonçalves, Li Weigang, Jó Ueyama, Leandro A. Villas",A fog-enabled smart home solution for decision-making using smart objects.,Future Gener. Comput. Syst.,103,18-27,2020,10.1016/J.FUTURE.2019.09.045,https://doi.org/10.1016/j.future.2019.09.045
1,"Jose Rodrigues Torres Neto, Geraldo P. R. Filho, Leandro Y. Mano, Leandro A. Villas, Jó Ueyama",Exploiting Offloading in IoT-Based Microfog - Experiments with Face Recognition and Fall Detection.,Wireless Communications and Mobile Computing,2019,2786837:1-2786837:13,2019,10.1155/2019/2786837,https://doi.org/10.1155/2019/2786837
2,"Felipe Taliar Giuntini, Larissa Pires Ruiz, Luziane De Fatima Kirchner, Denise Aparecida Passarelli, Maria de Jesus Dutra dos Reis, Andrew Thomas Campbell, Jo Ueyama",How Do I Feel? Identifying Emotional Expressions on Facebook Reactions Using Clustering Mechanism.,IEEE Access,7,53909-53921,2019,10.1109/ACCESS.2019.2913136,https://doi.org/10.1109/ACCESS.2019.2913136
3,"Geraldo P. R. Filho, Leandro A. Villas, Vinícius P. Gonçalves, Gustavo Pessin, Antonio A. F. Loureiro, Jó Ueyama",Energy-efficient smart home systems - Infrastructure and decision-making process.,Internet Things,5,153-167,2019,10.1016/J.IOT.2018.12.004,https://doi.org/10.1016/j.iot.2018.12.004
4,"Leandro Y. Mano, Vinícius A. Barros, Luiz Henrique Nunes, Luana O. Sawada, Júlio Cezar Estrella, Jó Ueyama",ENLACE - A Combination of Layer-Based Architecture and Wireless Communication for Emotion Monitoring in Healthcare.,Mobile Information Systems,2019,7329187:1-7329187:12,2019,10.1155/2019/7329187,https://doi.org/10.1155/2019/7329187
5,"Claudio Correa, Rodolfo Ipolito Meneguette, Patrícia R. Oliveira, Jó Ueyama",Optimization of Transmission Signal Power through Observation of Congestion in VANets Using the Fuzzy Logic Approach - A Case Study in Highway and Urban Layout.,Wireless Communications and Mobile Computing,2019,2605234:1-2605234:23,2019,10.1155/2019/2605234,https://doi.org/10.1155/2019/2605234
6,"Bruna C. R. Cunha, Kamila R. H. Rodrigues, Isabela Zaine, Leonardo F. Scalco, Caio César Viel, Maria da Graça Campos Pimentel",Web-based authoring of multimedia intervention programs for mobile devices - a case study on elderly digital literacy.,SAC,,484-491,2019,10.1145/3297280.3297325,https://doi.org/10.1145/3297280.3297325
7,"Bruna C. R. Cunha, Kamila R. H. Rodrigues, Maria da Graça Campos Pimentel",Synthesizing guidelines for facilitating elderly-smartphone interaction.,WebMedia,,37-44,2019,10.1145/3323503.3349563,https://doi.org/10.1145/3323503.3349563
8,"Caio César Viel, Kamila R. H. Rodrigues, Bruna C. R. Cunha, Maria G. C. Pimentel",Elderly vloggers - authoring and sharing stories with mobile media and DTV using the the GhostWriter service.,WebMedia,,185-192,2019,10.1145/3323503.3360303,https://doi.org/10.1145/3323503.3360303
9,"Larissa Cardoso Zimmermann, Kamila Rios da Hora Rodrigues, Maria da Graça Campos Pimentel",EPARS - elderly physical activity reminder system using smartphone and wearable sensors.,UbiComp/ISWC Adjunct,,1139-1145,2019,10.1145/3341162.3350845,https://doi.org/10.1145/3341162.3350845
10,"Rodrigo Mitsuo Kishi, Tiago Henrique Trojahn, Rudinei Goularte",Correlation based feature fusion for the temporal video scene segmentation task.,Multimedia Tools Appl.,78,15623-15646,2019,10.1007/S11042-018-6959-4,https://doi.org/10.1007/s11042-018-6959-4
11,"Rudinei Goularte, Tiago Henrique Trojahn, Rodrigo Mitsuo Kishi",Multimedia information retrieval in big data using OpenCV python.,WebMedia,,25-27,2019,10.1145/3323503.3345030,https://doi.org/10.1145/3323503.3345030
12,"Flávia de Souza Santos, Débora Maria Barroso Paiva, Renata P. M. Fortes",A specialized cognitive walkthrough to evaluate digital games for elderly users.,IHC,,5:1-5:11,2019,10.1145/3357155.3358452,https://doi.org/10.1145/3357155.3358452
13,"André de Lima Salgado, Felipe Silva Dias, João Pedro Rodrigues Mattos, Renata Pontin de Mattos Fortes, Patrick C. K. Hung",Smart toys and children&apos;s privacy - usable privacy policy insights from a card sorting experiment.,SIGDOC,,16:1-16:8,2019,10.1145/3328020.3353951,https://doi.org/10.1145/3328020.3353951
14,"André de Lima Salgado, Fernanda Maciel Federici, Renata Pontin de Mattos Fortes, Vivian Genaro Motti","Startup workplace, mobile games, and older adults - a practical guide on UX, usability, and accessibility evaluation.",SIGDOC,,15:1-15:9,2019,10.1145/3328020.3353948,https://doi.org/10.1145/3328020.3353948
15,"Arthur F. Da Costa, Marcelo G. Manzato, Ricardo J. G. B. Campello",Boosting collaborative filtering with an ensemble of co-trained recommenders.,Expert Syst. Appl.,115,427-441,2019,10.1016/J.ESWA.2018.08.020,https://doi.org/10.1016/j.eswa.2018.08.020
16,"Rafael Martins D&apos;Addio, Ronnie S. Marinho, Marcelo G. Manzato",Combining different metadata views for better recommendation accuracy.,Inf. Syst.,83,1-12,2019,10.1016/J.IS.2019.01.008,https://doi.org/10.1016/j.is.2019.01.008
17,"Arthur F. Da Costa, Rafael Martins D&apos;Addio, Eduardo P. Fressato, Marcelo G. Manzato",A personalized clustering-based approach using open linked data for search space reduction in recommender systems.,WebMedia,,409-416,2019,10.1145/3323503.3349543,https://doi.org/10.1145/3323503.3349543
18,"Bruna C. R. Cunha, Kamila R. H. Rodrigues, Isabela Zaine, Leonardo F. Scalco, Caio César Viel, Maria da Graça Campos Pimentel",Web-based authoring of multimedia intervention programs for mobile devices - a case study on elderly digital literacy.,SAC,,484-491,2019,10.1145/3297280.3297325,https://doi.org/10.1145/3297280.3297325
19,"Bruna C. R. Cunha, Kamila R. H. Rodrigues, Maria da Graça Campos Pimentel",Synthesizing guidelines for facilitating elderly-smartphone interaction.,WebMedia,,37-44,2019,10.1145/3323503.3349563,https://doi.org/10.1145/3323503.3349563
20,"Caio César Viel, Kamila R. H. Rodrigues, Bruna C. R. Cunha, Maria G. C. Pimentel",Elderly vloggers - authoring and sharing stories with mobile media and DTV using the the GhostWriter service.,WebMedia,,185-192,2019,10.1145/3323503.3360303,https://doi.org/10.1145/3323503.3360303
21,"Larissa Cardoso Zimmermann, Kamila Rios da Hora Rodrigues, Maria da Graça Campos Pimentel",EPARS - elderly physical activity reminder system using smartphone and wearable sensors.,UbiComp/ISWC Adjunct,,1139-1145,2019,10.1145/3341162.3350845,https://doi.org/10.1145/3341162.3350845
22,"Paula Maia de Souza, Kamila Rios da Hora Rodrigues, Vânia Paula de Almeida Néris",SemTh - an approach to the design of therapeutic digital games.,IHC,,45:1-45:11,2019,10.1145/3357155.3358440,https://doi.org/10.1145/3357155.3358440
23,"Luiz Fernando Ferreira Gomes de Assis, Flávio E. A. Horita, Edison Pignaton de Freitas, Jó Ueyama, João Porto de Albuquerque",A Service-Oriented Middleware for Integrated Management of Crowdsourced and Sensor Data Streams in Disaster Management.,Sensors,18,1689,2018,10.3390/S18061689,https://doi.org/10.3390/s18061689
24,"Geraldo P. R. Filho, Leandro A. Villas, Heitor Freitas, Alan Valejo, Daniel L. Guidoni, Jó Ueyama",ResiDI - Towards a smarter smart home system for decision-making using wireless sensors and actuators.,Comput. Networks,135,54-69,2018,10.1016/J.COMNET.2018.02.009,https://doi.org/10.1016/j.comnet.2018.02.009
25,"Gustavo Furquim, Geraldo P. R. Filho, Roozbeh Jalali, Gustavo Pessin, Richard W. Pazzi, Jó Ueyama","How to Improve Fault Tolerance in Disaster Predictions - A Case Study about Flash Floods Using IoT, ML and Real Data.",Sensors,18,907,2018,10.3390/S18030907,https://doi.org/10.3390/s18030907
26,"Kamila R. H. Rodrigues, Bruna C. R. Cunha, Isabela Zaine, Caio César Viel, Leonardo F. Scalco, Maria G. C. Pimentel",ESPIM System - Interface Evolution to Enable Authoring and Interaction with Multimedia Intervention Programs.,WebMedia,,125-132,2018,10.1145/3243082.3243120,https://doi.org/10.1145/3243082.3243120
27,"Caio César Viel, Larissa C. Zimmermann, Kamila R. H. Rodrigues, Maria G. C. Pimentel",Recording Maybe? - Location-Based Application for Detection and Capture of Ad-hoc Meetings.,WebMedia,,53-60,2018,10.1145/3243082.3243102,https://doi.org/10.1145/3243082.3243102
28,"Marcio Maestrelo Funes, Tiago Henrique Trojahn, Renata Pontin de Mattos Fortes, Rudinei Goularte",Gesture4all - a framework for 3D gestural interaction to improve accessibility of web videos.,SAC,,2151-2158,2018,10.1145/3167132.3167363,https://doi.org/10.1145/3167132.3167363
29,"Rodrigo Mitsuo Kishi, Tiago Henrique Trojahn, Rudinei Goularte",Temporal Video Scene Segmentation By Fused Bags-of-Features.,WebMedia,,173-180,2018,10.1145/3243082.3243109,https://doi.org/10.1145/3243082.3243109
30,"Tiago Henrique Trojahn, Rodrigo Mitsuo Kishi, Rudinei Goularte",A new multimodal deep-learning model to video scene segmentation.,WebMedia,,205-212,2018,10.1145/3243082.3243108,https://doi.org/10.1145/3243082.3243108
31,"Lívia Castro Degrossi, Bruno Bacelar Abe, João Porto de Albuquerque, Renata Pontin de Mattos Fortes",Enhancing usability of a Citizen Observatory based on User-centered Design.,DSAI,,294-301,2018,10.1145/3218585.3218674,https://doi.org/10.1145/3218585.3218674
32,"Camila D. de Oliveira, Maria Lydia Fioravanti, Renata Pontin de Mattos Fortes, Ellen Francine Barbosa",Accessibility in mobile applications for elderly users - a systematic mapping.,FIE,,1-9,2018,10.1109/FIE.2018.8659017,https://doi.org/10.1109/FIE.2018.8659017
33,"Camila D. de Oliveira, Renata Pontin de Mattos Fortes, Ellen F. Barbosa",An Analysis of Crossword Learning - A Mobile Application for the Elderly.,HCI,,501-515,2018,10.1007/978-3-319-92037-5_35,https://doi.org/10.1007/978-3-319-92037-5_35
34,"Arthur F. Da Costa, Eduardo P. Fressato, Fernando S. Aguiar Neto, Marcelo G. Manzato, Ricardo J. G. B. Campello",Case recommender - a flexible and extensible python framework for recommender systems.,RecSys,,494-495,2018,10.1145/3240323.3241611,https://doi.org/10.1145/3240323.3241611
35,"Arthur F. Da Costa, Marcelo G. Manzato, Ricardo J. G. B. Campello",CoRec - a co-training approach for recommender systems.,SAC,,696-703,2018,10.1145/3167132.3167209,https://doi.org/10.1145/3167132.3167209
36,"Eduardo Pereira Fressato, Arthur Fortes da Costa, Marcelo Garcia Manzato",Similarity-Based Matrix Factorization for Item Cold-Start in Recommender Systems.,BRACIS,,342-347,2018,10.1109/BRACIS.2018.00066,https://doi.org/10.1109/BRACIS.2018.00066
37,"Frederico Araújo Durão, Bruno Souza Cabral, Marcelo G. Manzato, Arthur F. Da Costa",Evaluating Multiple User Interactions for Ranking Personalization Using Ensemble Methods.,SEKE,,697-696,2018,10.18293/SEKE2018-112,https://doi.org/10.18293/SEKE2018-112
38,"Rafael Martins D&apos;Addio, Eduardo P. Fressato, Arthur F. Da Costa, Marcelo G. Manzato",Incorporating Semantic Item Representations to Soften the Cold Start Problem.,WebMedia,,157-164,2018,10.1145/3243082.3243112,https://doi.org/10.1145/3243082.3243112
39,"Fernando S. Aguiar Neto, Arthur F. Da Costa, Marcelo G. Manzato",CoBaR - Confidence-Based Recommender.,CoRR,abs/1808.07089,,2018,,http://arxiv.org/abs/1808.07089
40,"Kamila R. H. Rodrigues, Bruna C. R. Cunha, Isabela Zaine, Caio César Viel, Leonardo F. Scalco, Maria G. C. Pimentel",ESPIM System - Interface Evolution to Enable Authoring and Interaction with Multimedia Intervention Programs.,WebMedia,,125-132,2018,10.1145/3243082.3243120,https://doi.org/10.1145/3243082.3243120
41,"Kamila R. H. Rodrigues, Daniel B. F. Conrado, Vânia P. A. Neris",Lessons Learned in Designing a Digital Therapeutic Game to Support the Treatment and Well-Being of Children with Cancer.,HCI,,231-243,2018,10.1007/978-3-319-91806-8_18,https://doi.org/10.1007/978-3-319-91806-8_18
42,"Caio César Viel, Larissa C. Zimmermann, Kamila R. H. Rodrigues, Maria G. C. Pimentel",Recording Maybe? - Location-Based Application for Detection and Capture of Ad-hoc Meetings.,WebMedia,,53-60,2018,10.1145/3243082.3243102,https://doi.org/10.1145/3243082.3243102
43,"Paula Maia de Souza, Kamila Rios da Hora Rodrigues, Franco Eusébio Garcia, Vânia Paula de Almeida Néris",Towards a Semiotic-Based Approach to the Design of Therapeutic Digital Games.,ICISO,,53-62,2018,10.1007/978-3-319-94541-5_6,https://doi.org/10.1007/978-3-319-94541-5_6
44,"Jose Rodrigues Torres Neto, Azzedine Boukerche, Roberto Sadao Yokoyama, Daniel L. Guidoni, Rodolfo Ipolito Meneguette, Jo Ueyama, Leandro A. Villas",Performance evaluation of unmanned aerial vehicles in automatic power meter readings.,Ad Hoc Networks,60,11-25,2017,10.1016/J.ADHOC.2017.03.003,https://doi.org/10.1016/j.adhoc.2017.03.003
45,"Vinícius Pereira Gonçalves, Eduardo P. Costa, Alan Valejo, Geraldo P. R. Filho, Thienne M. Johnson, Gustavo Pessin, Jó Ueyama",Enhancing intelligence in multimodal emotion assessments.,Appl. Intell.,46,470-486,2017,10.1007/S10489-016-0842-7,https://doi.org/10.1007/s10489-016-0842-7
46,"Vinícius Pereira Gonçalves, Gabriel T. Giancristofaro, Geraldo P. R. Filho, Thienne M. Johnson, Valéria Carvalho, Gustavo Pessin, Vânia Paula de Almeida Néris, Jó Ueyama",Assessing users&apos; emotion at interaction time - a multimodal approach with multiple sensors.,Soft Comput.,21,5309-5323,2017,10.1007/S00500-016-2115-0,https://doi.org/10.1007/s00500-016-2115-0
47,"Vinícius Pereira Gonçalves, Vânia Paula de Almeida Néris, Sibelius Seraphini, Teresa C. M. Dias, Gustavo Pessin, Thienne M. Johnson, Jó Ueyama",Providing adaptive smartphone interfaces targeted at elderly people - an approach that takes into account diversity among the elderly.,Universal Access in the Information Society,16,129-149,2017,10.1007/S10209-015-0429-9,https://doi.org/10.1007/s10209-015-0429-9
48,"Bruno V. Ferreira, Eduardo Carvalho, Mylena R. Ferreira, Patrícia A. Vargas, Jó Ueyama, Gustavo Pessin",Exploiting the Use of Convolutional Neural Networks for Localization in Indoor Environments.,Applied Artificial Intelligence,31,279-287,2017,10.1080/08839514.2017.1316592,https://doi.org/10.1080/08839514.2017.1316592
49,"Bruno S. Faiçal, Heitor Freitas, Pedro Henrique Gomes, Leandro Y. Mano, Gustavo Pessin, André C. P. L. F. de Carvalho, Bhaskar Krishnamachari, Jó Ueyama",An adaptive approach for UAV-based pesticide spraying in dynamic environments.,Comput. Electron. Agric.,138,210-223,2017,10.1016/J.COMPAG.2017.04.011,https://doi.org/10.1016/j.compag.2017.04.011
50,"Felipe Taliar Giuntini, Delano Medeiros Beder, Jó Ueyama",Exploiting self-organization and fault tolerance in wireless sensor networks - A case study on wildfire detection application.,IJDSN,13,,2017,10.1177/1550147717704120,https://doi.org/10.1177/1550147717704120
51,"Caio César Viel, Kamila R. H. Rodrigues, Isabela Zaine, Bruna C. R. Cunha, Leonardo F. Scalco, Maria G. C. Pimentel",Personalized Ubiquitous Data Collection and Intervention as Interactive Multimedia Documents.,DocEng,,223-226,2017,10.1145/3103010.3121046,https://doi.org/10.1145/3103010.3121046
52,"Kamila R. H. Rodrigues, Caio César Viel, Isabela Zaine, Bruna C. R. Cunha, Leonardo F. Scalco, Maria G. C. Pimentel",Data Collection and Intervention Personalized as Interactive Multimedia Documents.,WebMedia,,57-60,2017,10.1145/3126858.3131574,https://doi.org/10.1145/3126858.3131574
53,"Marco Cristo, Raíza Hanada, André Luiz da Costa Carvalho, Fernando Anglada Lores, Maria da Graça Campos Pimentel",Fast Word Recognition for Noise channel-based Models in Scenarios with Noise Specific Domain Knowledge.,CIKM,,607-616,2017,10.1145/3132847.3133028,https://doi.org/10.1145/3132847.3133028
54,"Andrey Omar M. Uscamayta, Bruna C. R. Cunha, Diogo Santana Martins, Maria G. C. Pimentel",Opportunistic Collaborative Mobile-Based Multimedia Authoring Based on the Capture of Live Experiences.,DocEng,,219-222,2017,10.1145/3103010.3121047,https://doi.org/10.1145/3103010.3121047
55,"Andrey Omar M. Uscamayta, Bruna C. R. Cunha, Diogo Santana Martins, Maria G. C. Pimentel",Collaborative Ad-hoc Multimedia Authoring via Mobile Devices.,WebMedia,,61-64,2017,10.1145/3126858.3131572,https://doi.org/10.1145/3126858.3131572
56,"Marcio Maestrelo Funes, Leandro Agostini do Amaral, Renata P. M. Fortes, Rudinei Goularte",Game Development for Researchers - From Concept to User Experience Data Collection.,WebMedia,,27-28,2017,10.1145/3126858.3131632,https://doi.org/10.1145/3126858.3131632
57,"Marcio Maestrelo Funes, Renata P. M. Fortes, Rudinei Goularte",Gestural Interaction for Accessibility of Web Videos - A Case Study Analysis with Blind and Visually Impaired Users.,WebMedia,,501-504,2017,10.1145/3126858.3131588,https://doi.org/10.1145/3126858.3131588
58,"Renata Pontin de Mattos Fortes, André de Lima Salgado, Flávia de Souza Santos, Leandro Agostini do Amaral, Elias Adriano Nogueira da Silva",Game Accessibility Evaluation Methods - A Literature Survey.,HCI,,182-192,2017,10.1007/978-3-319-58706-6_15,https://doi.org/10.1007/978-3-319-58706-6_15
59,"André de Lima Salgado, Leandro Agostini do Amaral, Renata Pontin de Mattos Fortes, Marcos Hortes Nisihara Chagas, Ger Joyce",Addressing Mobile Usability and Elderly Users - Validating Contextualized Heuristics.,HCI,,379-394,2017,10.1007/978-3-319-58634-2_28,https://doi.org/10.1007/978-3-319-58634-2_28
60,"Arthur F. Da Costa, Marcelo G. Manzato, Ricardo J. G. B. Campello",Ensemble Clustering Approaches Applied in Group-based Collaborative Filtering Supported by Multiple Users&apos; Feedback.,JIDM,8,180-196,2017,,https://seer.lcc.ufmg.br/index.php/jidm/article/view/4560
61,"Rafael Martins D&apos;Addio, Marcos Aurélio Domingues, Marcelo G. Manzato",Exploiting feature extraction techniques on users&apos; reviews for movies recommendation.,J. Braz. Comp. Soc.,23,7:1-7:16,2017,10.1186/S13173-017-0057-8,https://doi.org/10.1186/s13173-017-0057-8
62,"Carolina Toledo Ferraz, Marcelo Garcia Manzato, Adilson Gonzaga",Face Classification using a New Local Texture Descriptor.,WebMedia,,237-240,2017,10.1145/3126858.3131584,https://doi.org/10.1145/3126858.3131584
63,"Ronnie S. Marinho, Rafael Martins D&apos;Addio, Marcelo G. Manzato",Semantic Organization of User&apos;s Reviews Applied in Recommender Systems.,WebMedia,,277-280,2017,10.1145/3126858.3131600,https://doi.org/10.1145/3126858.3131600
64,"Caio César Viel, Kamila R. H. Rodrigues, Isabela Zaine, Bruna C. R. Cunha, Leonardo F. Scalco, Maria G. C. Pimentel",Personalized Ubiquitous Data Collection and Intervention as Interactive Multimedia Documents.,DocEng,,223-226,2017,10.1145/3103010.3121046,https://doi.org/10.1145/3103010.3121046
65,"Kamila R. H. Rodrigues, Caio César Viel, Isabela Zaine, Bruna C. R. Cunha, Leonardo F. Scalco, Maria G. C. Pimentel",Data Collection and Intervention Personalized as Interactive Multimedia Documents.,WebMedia,,57-60,2017,10.1145/3126858.3131574,https://doi.org/10.1145/3126858.3131574
66,"Vagner F. de Santana, Vânia P. A. Neris, Kamila R. H. Rodrigues, Renata Rodrigues de Oliveira, Newton A. Galindo Jr.","Activity of Brazilian HCI Community from 2012 to 2017 in the Context of the Challenge &apos;Future, Smart Cities, and Sustainability&apos;.",IHC,,67:1-67:5,2017,10.1145/3160504.3160562,https://doi.org/10.1145/3160504.3160562
67,"Bruno S. Faiçal, Gustavo Pessin, Geraldo P. R. Filho, André Carlos Ponce de Leon Ferreira de Carvalho, Pedro Henrique Gomes, Jó Ueyama",Fine-Tuning of UAV Control Rules for Spraying Pesticides on Crop Fields - An Approach for Dynamic Environments.,International Journal on Artificial Intelligence Tools,25,1660003:1-1660003:19,2016,10.1142/S0218213016600034,https://doi.org/10.1142/S0218213016600034
68,"Luiz Fernando Ferreira Gomes de Assis, Lucas P. Behnck, Dionísio Doering, Edison Pignaton de Freitas, Carlos Eduardo Pereira, Flávio Eduardo Aoki Horita, Jó Ueyama, João Porto de Albuquerque",Dynamic Sensor Management - Extending Sensor Web for Near Real-Time Mobile Sensor Integration in Dynamic Scenarios.,AINA,,303-310,2016,10.1109/AINA.2016.100,https://doi.org/10.1109/AINA.2016.100
69,"Marcelo G. Manzato, Marcos Aurélio Domingues, Arthur da Costa Fortes, Camila Vaccari Sundermann, Rafael Martins D&apos;Addio, Merley da Silva Conrado, Solange O. Rezende, Maria G. C. Pimentel",Mining unstructured content for recommender systems - an ensemble approach.,Inf. Retr. Journal,19,378-415,2016,10.1007/S10791-016-9280-8,https://doi.org/10.1007/s10791-016-9280-8
70,"Maria da Graça Campos Pimentel, Bruna C. R. da Cunha, Humberto Lidio Antonelli, Sandra Souza Rodrigues, Olibário J. Machado Neto, Andre C. Rocha, Erick Lazaro Melo, Allan R. Costa, Andrey Omar M. Uscamayta, Kamila R. H. Rodrigues, Isabela Zaine",Enhancing older adults connectivity by introducing mobile devices communication tools.,DSAI,,353-361,2016,10.1145/3019943.3019994,https://doi.org/10.1145/3019943.3019994
71,"Isabela Zaine, Kamila R. H. Rodrigues, Bruna C. R. da Cunha, Caio César Viel, Alex F. Orlando, Olibário J. Machado Neto, Yuri Magagnatto, Maria da Graça Campos Pimentel",ESPIM - An Ubiquitous Data Collection and Programmed Intervention System using ESM and Mobile Devices.,WebMedia,,13-14,2016,10.1145/2976796.2988222,https://doi.org/10.1145/2976796.2988222
72,"Bruna C. R. Cunha, Andrey Omar M. Uscamayta, Maria da Graça Campos Pimentel",Opportunistic Recording of Live Experiences Using Multiple Mobile Devices.,WebMedia,,99-102,2016,10.1145/2976796.2988164,https://doi.org/10.1145/2976796.2988164
73,"Marcio Maestrelo Funes, Rudinei Goularte",Gestural Interaction for Accessibility of Web Videos.,WebMedia,,343-346,2016,10.1145/2976796.2988212,https://doi.org/10.1145/2976796.2988212
74,"Rodrigo Mitsuo Kishi, Tiago Henrique Trojahn, Rudinei Goularte",An Evaluation of Readily Usable Automatic Video Shot Segmentation Techniques.,WebMedia,,199-202,2016,10.1145/2976796.2988174,https://doi.org/10.1145/2976796.2988174
75,"Felipe Maciel Rodrigues, Juliano Koji Yugoshi, Rudinei Goularte",HaaRGlyph - A New Method for Anaglyphic Reversion in Stereoscopic Videos.,WebMedia,,151-158,2016,10.1145/2976796.2976864,https://doi.org/10.1145/2976796.2976864
76,"Silvana Maria Affonso de Lara, Renata Pontin de Mattos Fortes, Cibele Maria Russo, André Pimenta Freire",A study on the acceptance of website interaction aids by older adults.,Universal Access in the Information Society,15,445-460,2016,10.1007/S10209-015-0419-Y,https://doi.org/10.1007/s10209-015-0419-y
77,"Josias E. de A. Melo, Sandra Souza Rodrigues, Guilherme Almeida Martins, Humberto Lidio Antonelli, Renata P. M. Fortes, Paula Costa Castro",An analysis of application usage for notes and reminders by older persons-ElderNote Case study.,DSAI,,339-345,2016,10.1145/3019943.3019992,https://doi.org/10.1145/3019943.3019992
78,"Mariane M. T. dos Santos, Humberto Lidio Antonelli, Sandra Souza Rodrigues, Caroline L. de O. Silva, Renata P. M. Fortes, Paula Costa Castro",Personalizing health-related ICT interface and application - older adults and elderly caregivers preferences.,DSAI,,331-338,2016,10.1145/3019943.3019991,https://doi.org/10.1145/3019943.3019991
79,"André de Lima Salgado, Renata Pontin de Mattos Fortes",Heuristic Evaluation for Novice Evaluators.,HCI,,387-398,2016,10.1007/978-3-319-40409-7_37,https://doi.org/10.1007/978-3-319-40409-7_37
80,"Marcelo G. Manzato, Marcos Aurélio Domingues, Arthur da Costa Fortes, Camila Vaccari Sundermann, Rafael Martins D&apos;Addio, Merley da Silva Conrado, Solange O. Rezende, Maria G. C. Pimentel",Mining unstructured content for recommender systems - an ensemble approach.,Inf. Retr. Journal,19,378-415,2016,10.1007/S10791-016-9280-8,https://doi.org/10.1007/s10791-016-9280-8
81,"Arthur F. Da Costa, Rafael D. Martins, Marcelo G. Manzato, Ricardo J. G. B. Campello",Exploiting different users&apos; interactions for profiles enrichment in recommender systems.,SAC,,1080-1082,2016,10.1145/2851613.2851923,https://doi.org/10.1145/2851613.2851923
82,"Arthur F. Da Costa, Marcelo G. Manzato, Ricardo J. G. B. Campello",Group-based Collaborative Filtering Supported by Multiple Users&apos; Feedback to Improve Personalized Ranking.,WebMedia,,279-286,2016,10.1145/2976796.2976852,https://doi.org/10.1145/2976796.2976852
83,"Arthur F. Da Costa, Marcelo G. Manzato",Exploiting multimodal interactions in recommender systems with ensemble algorithms.,Inf. Syst.,56,120-132,2016,10.1016/J.IS.2015.09.007,https://doi.org/10.1016/j.is.2015.09.007
84,"Rafael Martins D&apos;Addio, Marcelo G. Manzato",Exploiting Item Representations for Soft Clustering Recommendation.,WebMedia,,271-278,2016,10.1145/2976796.2976858,https://doi.org/10.1145/2976796.2976858
85,"Flor K. Amanqui, Tom De Nies, Anastasia Dimou, Ruben Verborgh, Erik Mannens, Rik Van de Walle, Dilvan de Abreu Moreira",A Model of Provenance Applied to Biodiversity Datasets.,WETICE,,235-240,2016,10.1109/WETICE.2016.59,https://doi.org/10.1109/WETICE.2016.59
86,"Flor K. Amanqui, Ruben Verborgh, Erik Mannens, Rik Van de Walle, Dilvan de Abreu Moreira",Using Spatiotemporal Information to Integrate Heterogeneous Biodiversity Semantic Data.,ICWE,,525-530,2016,10.1007/978-3-319-38791-8_41,https://doi.org/10.1007/978-3-319-38791-8_41
87,"Silvio D. Cardoso, Flor K. Amanqui, Kleberson J. A. Serique, José L. C. dos Santos, Dilvan A. Moreira",SWI - A Semantic Web Interactive Gazetteer to support Linked Open Data.,Future Gener. Comput. Syst.,54,389-398,2016,10.1016/J.FUTURE.2015.05.006,https://doi.org/10.1016/j.future.2015.05.006
88,"Maria da Graça Campos Pimentel, Bruna C. R. da Cunha, Humberto Lidio Antonelli, Sandra Souza Rodrigues, Olibário J. Machado Neto, Andre C. Rocha, Erick Lazaro Melo, Allan R. Costa, Andrey Omar M. Uscamayta, Kamila R. H. Rodrigues, Isabela Zaine",Enhancing older adults connectivity by introducing mobile devices communication tools.,DSAI,,353-361,2016,10.1145/3019943.3019994,https://doi.org/10.1145/3019943.3019994
89,"Isabela Zaine, Kamila R. H. Rodrigues, Bruna C. R. da Cunha, Caio César Viel, Alex F. Orlando, Olibário J. Machado Neto, Yuri Magagnatto, Maria da Graça Campos Pimentel",ESPIM - An Ubiquitous Data Collection and Programmed Intervention System using ESM and Mobile Devices.,WebMedia,,13-14,2016,10.1145/2976796.2988222,https://doi.org/10.1145/2976796.2988222
90,"Tatiana Silva de Alencar, Kamila R. H. Rodrigues, Marcelo Barbosa, Renata Germano Bianchi, Vânia Paula de Almeida Néris",Emotional Response Evaluation of Users in Ubiquitous Environments - an Observational Case Study.,ACE,,18:1-18:12,2016,10.1145/3001773.3001780,https://doi.org/10.1145/3001773.3001780
91,"Vânia Paula de Almeida Néris, Kamila R. H. Rodrigues",Design of Therapeutic Information Systems as Indicating Through Signs.,ICISO,,203-208,2016,10.1007/978-3-319-42102-5_23,https://doi.org/10.1007/978-3-319-42102-5_23
92,"Franco Eusébio Garcia, Kamila Rios da Hora Rodrigues, Vânia Paula de Almeida Néris",An Interaction Modeling Language for Therapeutic Applications.,IHC,,32:1-32:10,2016,10.1145/3033701.3033733,https://doi.org/10.1145/3033701.3033733
93,"Flávio Eduardo Aoki Horita, João Porto de Albuquerque, Lívia Castro Degrossi, Eduardo M. Mendiondo, Jó Ueyama",Development of a spatial decision support system for flood risk management in Brazil that combines volunteered geographic information with wireless sensor networks.,Comput. Geosci.,80,84-94,2015,10.1016/J.CAGEO.2015.04.001,https://doi.org/10.1016/j.cageo.2015.04.001
94,"Leandro A. Villas, Daniel L. Guidoni, Guilherme Maia, Richard W. Pazzi, Jó Ueyama, Antonio A. F. Loureiro",An energy efficient joint localization and synchronization solution for wireless sensor networks using unmanned aerial vehicle.,Wireless Networks,21,485-498,2015,10.1007/S11276-014-0802-2,https://doi.org/10.1007/s11276-014-0802-2
95,"Diogo de Graça Pedrosa, Maria da Graça Campos Pimentel, Amy Wright, Khai N. Truong",Filteryedping - Design Challenges and User Performance of Dwell-Free Eye Typing.,TACCESS,6,3:1-3:37,2015,10.1145/2724728,https://doi.org/10.1145/2724728
96,"Diogo de Graça Pedrosa, Maria da Graça Campos Pimentel, Khai N. Truong",Filteryedping - A Dwell-Free Eye Typing Technique.,CHI Extended Abstracts,,303-306,2015,10.1145/2702613.2725458,https://doi.org/10.1145/2702613.2725458
97,"Caio César Viel, Kamila R. H. Rodrigues, César A. C. Teixeira, Maria da Graça Campos Pimentel",Design Solutions for Interactive Multi-video Multimedia Learning Objects.,HCI,,160-171,2015,10.1007/978-3-319-20609-7_16,https://doi.org/10.1007/978-3-319-20609-7_16
98,"Bruna C. R. Cunha, Rodolfo Dias Correia, Maria da Graça Campos Pimentel",Mobile Video Annotations - A Case Study on Supporting Rehabilitation Exercises.,WebMedia,,245-252,2015,10.1145/2820426.2820449,https://doi.org/10.1145/2820426.2820449
99,"Marcos Aurélio Domingues, Thais Emanuele Santos, Raíza Hanada, Bruna C. R. Cunha, Solange Oliveira Rezende, Maria da Graça Campos Pimentel",A Platform for the Recommendation of Points of Interest in Brazilian Cities - Architecture and Case Study.,WebMedia,,229-236,2015,10.1145/2820426.2820448,https://doi.org/10.1145/2820426.2820448
100,"Marcelo G. Manzato, Edson B. Santos Junior, Rudinei Goularte",Leveraging Hybrid Recommenders with Multifaceted Implicit Feedback.,J. UCS,21,223-247,2015,,http://www.jucs.org/jucs_21_2/leveraging_hybrid_recommenders_with
101,"Edson B. dos Santos, Arthur F. Da Costa, Rafael Martins D&apos;Addio, Marcelo Garcia Manzato, Rudinei Goularte",Introducing the concept of &quot;always-welcome recommendations&quot;.,ICIS,,197-202,2015,10.1109/ICIS.2015.7166593,https://doi.org/10.1109/ICIS.2015.7166593
102,"Johana María Rosas Villena, Bruno Costa Ramos, Rudinei Goularte, Renata Pontin de Mattos Fortes",Video Accessibility on the Most Accessed Websites - A Case Study Regarding Visual Disabilities.,HCI,,231-241,2015,10.1007/978-3-319-20678-3_23,https://doi.org/10.1007/978-3-319-20678-3_23
103,"Tamires T. S. Barbieri, Tiago Henrique Trojahn, Moacir Ponti, Rudinei Goularte",Shot-HR - a video shot representation method based on visual features.,SAC,,1257-1262,2015,10.1145/2695664.2695841,https://doi.org/10.1145/2695664.2695841
104,"Ana Elisa de Oliveira Siena, André de Lima Salgado, Renata Pontin de Mattos Fortes",Florch - Challenges on developing a new social network accessible for senescent users.,CLIHC,,7:1-7:8,2015,10.1145/2824893.2824900,https://doi.org/10.1145/2824893.2824900
105,"Marcos Aurélio Domingues, Camila Vaccari Sundermann, Flávio M. M. Barros, Marcelo G. Manzato, Maria G. C. Pimentel, Solange Oliveira Rezende",Applying multi-view based metadata in personalized ranking for recommender systems.,SAC,,1105-1107,2015,10.1145/2695664.2695955,https://doi.org/10.1145/2695664.2695955
106,"Marcelo G. Manzato, Edson B. Santos Junior, Rudinei Goularte",Leveraging Hybrid Recommenders with Multifaceted Implicit Feedback.,J. UCS,21,223-247,2015,,http://www.jucs.org/jucs_21_2/leveraging_hybrid_recommenders_with
107,"Edson B. dos Santos, Arthur F. Da Costa, Rafael Martins D&apos;Addio, Marcelo Garcia Manzato, Rudinei Goularte",Introducing the concept of &quot;always-welcome recommendations&quot;.,ICIS,,197-202,2015,10.1109/ICIS.2015.7166593,https://doi.org/10.1109/ICIS.2015.7166593
108,"Rafael Martins D&apos;Addio, Marcelo G. Manzato",A sentiment-based item description approach for kNN collaborative filtering.,SAC,,1060-1065,2015,10.1145/2695664.2695747,https://doi.org/10.1145/2695664.2695747
109,"Salmo M. S. Júnior, Marcelo G. Manzato",Collaborative Filtering Based on Semantic Distance Among Items.,WebMedia,,53-56,2015,10.1145/2820426.2820466,https://doi.org/10.1145/2820426.2820466
110,"Dilvan A. Moreira, Cleber Hage, Edson F. Luque, Debra Willrett, Daniel L. Rubin","3D Markup of Radiological Images in ePAD, a Web-Based Image Annotation Tool.",CBMS,,97-102,2015,10.1109/CBMS.2015.46,https://doi.org/10.1109/CBMS.2015.46
111,"Renato Fabbri, Henrique Parra Parra Filho, Rodrigo Bandeira de Luna, Ricardo Augusto Poppi Martins, Flor Karina Mamani Amanqui, Dilvan de Abreu Moreira","Social Participation Ontology - community documentation, enhancements and use examples.",CoRR,abs/1501.02662,,2015,,http://arxiv.org/abs/1501.02662
112,"Edson F. Luque, Daniel L. Rubin, Dilvan A. Moreira",Automatic Classification of Cancer Tumors Using Image Annotations and Ontologies.,CBMS,,368-369,2015,10.1109/CBMS.2015.83,https://doi.org/10.1109/CBMS.2015.83
113,"João Paulo Orlando, Mark A. Musen, Dilvan A. Moreira",User Extensible System to Identify Problems in OWL Ontologies and SWRL Rules.,RuleML,,112-126,2015,10.1007/978-3-319-21542-6_8,https://doi.org/10.1007/978-3-319-21542-6_8
114,"Milena Guessi, Dilvan A. Moreira, Gabriel Abdalla, Flávio Oquendo, Elisa Yumi Nakagawa",OntolAD - a formal ontology for architectural descriptions.,SAC,,1417-1424,2015,10.1145/2695664.2695739,https://doi.org/10.1145/2695664.2695739
115,"Caio César Viel, Kamila R. H. Rodrigues, César A. C. Teixeira, Maria da Graça Campos Pimentel",Design Solutions for Interactive Multi-video Multimedia Learning Objects.,HCI,,160-171,2015,10.1007/978-3-319-20609-7_16,https://doi.org/10.1007/978-3-319-20609-7_16
116,"Gustavo Pessin, Jefferson R. Souza, Fernando Santos Osório, Bruno S. Faiçal, Geraldo P. R. Filho, Jó Ueyama, Patrícia A. Vargas, Denis Fernando Wolf",Investigation on the evolution of a robotic controller for autonomous vehicle navigation.,Journal of Intelligent and Fuzzy Systems,27,3047-3058,2014,10.3233/IFS-141262,https://doi.org/10.3233/IFS-141262
117,"Gustavo Furquim, Filipe Neto, Gustavo Pessin, Jo Ueyama, João Porto de Albuquerque, Maria Clara Fava, Eduardo M. Mendiondo, Vladimir C. B. de Souza, Desislava C. Dimitrova, Torsten Braun",Combining Wireless Sensor Networks and Machine Learning for Flash Flood Nowcasting.,AINA Workshops,,67-72,2014,10.1109/WAINA.2014.21,https://doi.org/10.1109/WAINA.2014.21
118,"Flávio E. A. Horita, Maria Clara Fava, Eduardo M. Mendiondo, Jairo Rotava, Vladimir C. B. de Souza, Jo Ueyama, João Porto de Albuquerque",AGORA-GeoDash - A geosensor dashboard for real-time flood risk monitoring.,ISCRAM,,,2014,,http://idl.iscram.org/files/horita/2014/593_Horita_etal2014.pdf
119,"Caio César Viel, Kamila Rios da Hora Rodrigues, Erick Lazaro Melo, Renato Bueno, Maria da Graça Campos Pimentel, César Augusto Camillo Teixeira",Interaction with a Problem Solving Multi Video Lecture - Observing Students from Distance and Traditional Learning Courses.,iJET,9,39-46,2014,,https://www.online-journals.org/index.php/i-jet/article/view/3358
120,"Bruno Lorenço Lopes, Tiago Henrique Trojahn, Rudinei Goularte",Video Scene Detection by Multimodal Bag of Features.,JIDM,5,194-205,2014,,https://seer.lcc.ufmg.br/index.php/jidm/article/view/632
121,"Leonardo Antonio de Andrade, Matheus Ricardo U. Zingarelli, Rodolfo R. Silva, Rudinei Goularte",A new approach to spatial compression of stereoscopic videos.,Multimedia Tools Appl.,71,1673-1697,2014,10.1007/S11042-012-1300-0,https://doi.org/10.1007/s11042-012-1300-0
122,"Edson B. Santos Junior, Marcelo G. Manzato, Rudinei Goularte",A conceptual architecture with trust consensus to enhance group recommendations.,ICIS,,137-142,2014,10.1109/ICIS.2014.6912121,https://doi.org/10.1109/ICIS.2014.6912121
123,"Johana María Rosas Villena, Rudinei Goularte, Renata Pontin de Mattos Fortes",A User Test with Accessible Video Player Looking for User Experience.,HCI,,623-633,2014,10.1007/978-3-319-07509-9_59,https://doi.org/10.1007/978-3-319-07509-9_59
124,"Tamires Tessarolli de Souza Barbieri, Rudinei Goularte",KS-SIFT - A Keyframe Extraction Method Based on Local Features.,ISM,,13-17,2014,10.1109/ISM.2014.52,https://doi.org/10.1109/ISM.2014.52
125,"Edson B. Santos Junior, Rudinei Goularte, Marcelo G. Manzato",Personalized collaborative filtering - a neighborhood model based on contextual constraints.,SAC,,919-924,2014,10.1145/2554850.2555017,https://doi.org/10.1145/2554850.2555017
126,"Edson B. Santos Junior, Marcelo G. Manzato, Rudinei Goularte",A conceptual architecture with trust consensus to enhance group recommendations.,ICIS,,137-142,2014,10.1109/ICIS.2014.6912121,https://doi.org/10.1109/ICIS.2014.6912121
127,"Renato Dompieri Beltrao, Bruno Souza Cabral, Marcelo Garcia Manzato, Frederico Araújo Durão",Evaluating the Combination of Multiple Metadata Types in Movies Recommendation.,BRACIS,,55-60,2014,10.1109/BRACIS.2014.21,https://doi.org/10.1109/BRACIS.2014.21
128,"Rafael Martins D&apos;Addio, Marcelo Garcia Manzato",A Collaborative Filtering Approach Based on User&apos;s Reviews.,BRACIS,,204-209,2014,10.1109/BRACIS.2014.45,https://doi.org/10.1109/BRACIS.2014.45
129,"Arthur da Costa Fortes, Marcelo Garcia Manzato",Multimodal Interactions in Recommender Systems - An Ensembling Approach.,BRACIS,,67-72,2014,10.1109/BRACIS.2014.23,https://doi.org/10.1109/BRACIS.2014.23
130,"Marcos Aurélio Domingues, Marcelo Garcia Manzato, Ricardo Marcondes Marcacini, Camila Vaccari Sundermann, Solange Oliveira Rezende",Using Contextual Information from Topic Hierarchies to Improve Context-Aware Recommender Systems.,ICPR,,3606-3611,2014,10.1109/ICPR.2014.620,https://doi.org/10.1109/ICPR.2014.620
131,"Marcelo Garcia Manzato, Marcos Aurélio Domingues, Ricardo Marcondes Marcacini, Solange Oliveira Rezende",Improving Personalized Ranking in Recommender Systems with Topic Hierarchies and Implicit Feedback.,ICPR,,3696-3701,2014,10.1109/ICPR.2014.635,https://doi.org/10.1109/ICPR.2014.635
132,"Edson B. Santos Junior, Rudinei Goularte, Marcelo G. Manzato",Personalized collaborative filtering - a neighborhood model based on contextual constraints.,SAC,,919-924,2014,10.1145/2554850.2555017,https://doi.org/10.1145/2554850.2555017
133,"Geiser Chalco Challco, Dilvan A. Moreira, Riichiro Mizoguchi, Seiji Isotani",An Ontology Engineering Approach to Gamify Collaborative Learning Scenarios.,CRIWG,,185-198,2014,10.1007/978-3-319-10166-8_17,https://doi.org/10.1007/978-3-319-10166-8_17
134,"Geiser Chalco Challco, Dilvan A. Moreira, Riichiro Mizoguchi, Seiji Isotani",Towards an Ontology for Gamifying Collaborative Learning Scenarios.,Intelligent Tutoring Systems,,404-409,2014,10.1007/978-3-319-07221-0_50,https://doi.org/10.1007/978-3-319-07221-0_50
135,"Flor K. Amanqui, Kleberson J. A. Serique, Silvio D. Cardoso, José L. C. dos Santos, Andréa C. F. Albuquerque, Dilvan A. Moreira",Improving Biodiversity Data Retrieval through Semantic Search and Ontologies.,WI-IAT,,274-281,2014,10.1109/WI-IAT.2014.44,https://doi.org/10.1109/WI-IAT.2014.44
136,"Silvio D. Cardoso, Kleberson J. A. Serique, Flor K. Amanqui, José Laurindo Campos dos Santos, Dilvan A. Moreira",A Gazetteer for Biodiversity Data as a Linked Open Data Solution.,WETICE,,435-440,2014,10.1109/WETICE.2014.19,https://doi.org/10.1109/WETICE.2014.19
137,"Caio César Viel, Kamila Rios da Hora Rodrigues, Erick Lazaro Melo, Renato Bueno, Maria da Graça Campos Pimentel, César Augusto Camillo Teixeira",Interaction with a Problem Solving Multi Video Lecture - Observing Students from Distance and Traditional Learning Courses.,iJET,9,39-46,2014,,https://www.online-journals.org/index.php/i-jet/article/view/3358
138,,FrAMC-i - Um framework de apoio à produção de conteúdo multimídia complementar interativo.,,,,2014,,https://repositorio.ufscar.br/handle/ufscar/293
139,"Vânia Paula de Almeida Néris, Kamila Rios da Hora Rodrigues, Renata Firmino Lima",A Systematic Review of Sustainability and Aspects of Human-Computer Interaction.,HCI,,742-753,2014,10.1007/978-3-319-07227-2_71,https://doi.org/10.1007/978-3-319-07227-2_71
140,"Kamila Rios da Hora Rodrigues, César A. C. Teixeira, Vânia Paula de Almeida Néris",Assessing the Elderly&apos;s Emotional Responses while Interact with Movies Enriched with Additional Multimedia Content.,HCI,,155-166,2014,10.1007/978-3-319-07446-7_16,https://doi.org/10.1007/978-3-319-07446-7_16
141,"Kamila Rios da Hora Rodrigues, César Augusto Camillo Teixeira, Vânia Paula de Almeida Néris",Heuristics for Assessing Emotional Response of Viewers during the Interaction with TV Programs.,HCI,,577-588,2014,10.1007/978-3-319-07233-3_53,https://doi.org/10.1007/978-3-319-07233-3_53
142,"Vânia Paula de Almeida Néris, Kamila Rios da Hora Rodrigues",Oportunidades de pesquisa na área de interação humano-computador com vistas à sustentabilidade.,IHC,,413-416,2014,,http://dl.acm.org/citation.cfm?id=2738138
143,"Kamila R. H. Rodrigues, Lucas F. Bocanegra, Vinícius Pereira Gonçalves, Vinícius G. Carvalho, Vânia Paula de Almeida Néris",Enriquecimento de personas para apoio ao design de aplicações terapêuticas para a saúde mental.,IHC,,51-60,2014,,http://dl.acm.org/citation.cfm?id=2738066
144,"Delano Medeiros Beder, Jó Ueyama, João Porto de Albuquerque, Marcos Lordello Chaim",FlexFT - A Generic Framework for Developing Fault-Tolerant Applications in the Sensor Web.,IJDSN,9,,2013,10.1155/2013/385892,https://doi.org/10.1155/2013/385892
145,"Lívia Castro Degrossi, Guilherme G. Do Amaral, Eduardo S. M. De Vasconcelos, João Porto de Albuquerque, Jo Ueyama",Using wireless sensor networks in the sensor web for flood monitoring in Brazil.,ISCRAM,,,2013,,http://idl.iscram.org/files/degrossi/2013/440_Degrossi_etal2013.pdf
146,"Bruna C. R. Cunha, Olibário J. Machado Neto, Maria da Graça Campos Pimentel",MoViA - a mobile video annotation tool.,ACM Symposium on Document Engineering,,219-222,2013,10.1145/2494266.2494267,https://doi.org/10.1145/2494266.2494267
147,"Johana María Rosas Villena, Bruno Costa Ramos, Renata P. M. Fortes, Rudinei Goularte",An Accessible Video Player for Older People - Issues from a User Test.,DSAI,,168-175,2013,10.1016/J.PROCS.2014.02.020,https://doi.org/10.1016/j.procs.2014.02.020
148,"Johana María Rosas Villena, Bruno Costa Ramos, Renata Pontin de Mattos Fortes, Rudinei Goularte",Web Videos - Concerns About Accessibility based on User Centered Design.,DSAI,,481-490,2013,10.1016/J.PROCS.2014.02.052,https://doi.org/10.1016/j.procs.2014.02.052
149,"Tamires Tessarolli de Souza, Rudinei Goularte",Video shot representation based on histograms.,SAC,,961-966,2013,10.1145/2480362.2480547,https://doi.org/10.1145/2480362.2480547
150,"Edson B. Santos Junior, Marcelo G. Manzato, Rudinei Goularte",Hybrid recommenders - incorporating metadata awareness into latent factor models.,WebMedia,,317-324,2013,10.1145/2526188.2526197,https://doi.org/10.1145/2526188.2526197
151,"Bruno Lorenço Lopes, Rudinei Goularte",Multimodal late fusion bag of features applied to scene detection.,WebMedia,,15-22,2013,10.1145/2526188.2526202,https://doi.org/10.1145/2526188.2526202
152,"Tiago Henrique Trojahn, Rudinei Goularte",Video scene segmentation by improved visual shot coherence.,WebMedia,,23-30,2013,10.1145/2526188.2526206,https://doi.org/10.1145/2526188.2526206
153,"Cássio V. S. Prazeres, Paulo Nazareno Maia Sampaio, André Santanchè, Celso A. S. Santos, Rudinei Goularte","19th Brazilian Symposium on Multimedia and the Web, WebMedia &apos;13, Salvador, Brazil, November 5-8, 2013",WebMedia,,,2013,,http://dl.acm.org/citation.cfm?id=2526188
154,"André Pimenta Freire, Silvana Maria Affonso de Lara, Renata Pontin de Mattos Fortes",Avaliação da acessibilidade de websites por usuários com deficiência.,IHC,,348-351,2013,,http://dl.acm.org/citation.cfm?id=2577198
155,"Flor K. Amanqui, Kleberson J. A. Serique, Franco Lamping, Andréa C. F. Albuquerque, José Laurindo Campos dos Santos, Dilvan A. Moreira",Semantic Search Architecture for Retrieving Information in Biodiversity Repositories.,ONTOBRAS,,83-93,2013,,http://ceur-ws.org/Vol-1041/ontobras-2013_paper29.pdf
156,"Flor Karina Mamani Amanqui, Kleberson Junio do Amaral Serique, Franco Lamping, José Laurindo Campos dos Santos, Andréa Corrêa Flôres Albuquerque, Dilvan de Abreu Moreira",Implementing an Architecture for Semantic Search Systems for Retrieving Information in Biodiversity Repositories.,SBBD,,21:1-21:6,2013,,http://www.lbd.dcc.ufmg.br/colecoes/sbbd/2013/0021.pdf
157,"Kamila Rios da Hora Rodrigues, Vânia Paula de Almeida Néris, César Augusto Camillo Teixeira",Interaction of the Elderly Viewer with Additional Multimedia Content to Support the Appreciation of Television Programs.,HCI,,227-236,2013,10.1007/978-3-642-39265-8_25,https://doi.org/10.1007/978-3-642-39265-8_25
158,"Kamila Rios da Hora Rodrigues, Suetônio da Silva Pereira, Maria da Graça Campos Pimentel, César Augusto Camillo Teixeira",FIND - facilitating the identification of intervals and moments for incorporation of additional content in continuous media.,WebMedia,,265-268,2012,10.1145/2382636.2382692,https://doi.org/10.1145/2382636.2382692
159,"Bruna C. R. Cunha, Diogo de Carvalho Pedrosa, Rudinei Goularte, Maria da Graça Campos Pimentel",Video annotation and navigation on mobile devices.,WebMedia,,261-264,2012,10.1145/2382636.2382691,https://doi.org/10.1145/2382636.2382691
160,"Graça Bressan, Regina Melo Silveira, Ethan V. Munson, André Santanchà, Maria da Graça Campos Pimentel","Brazilian Symposium on Multimedia and the Web, WebMedia &apos;12, São Paulo, Brazil, October 15-18, 2012",WebMedia,,,2012,,http://dl.acm.org/citation.cfm?id=2382636
161,"Marcelo G. Manzato, Rudinei Goularte",A multimedia recommender system based on enriched user profiles.,SAC,,975-980,2012,10.1145/2245276.2245466,https://doi.org/10.1145/2245276.2245466
162,"Matheus Ricardo U. Zingarelli, Leonardo Antonio de Andrade, Rudinei Goularte",RevGlyph - a technique for reverting anaglyph stereoscopic videos.,SAC,,1005-1011,2012,10.1145/2245276.2245470,https://doi.org/10.1145/2245276.2245470
163,"Jorge Rodrigues Carvalho, Marcelo Garcia Manzato, Rudinei Goularte",Accelerometers data interoperability - easing interactive applications development.,WebMedia,,305-312,2012,10.1145/2382636.2382702,https://doi.org/10.1145/2382636.2382702
164,"Daniel Lucrédio, Eduardo Santana de Almeida, Renata P. M. Fortes",An Investigation on the Impact of MDE on Software Reuse.,SBCARS,,101-110,2012,10.1109/SBCARS.2012.16,https://doi.org/10.1109/SBCARS.2012.16
165,"Kleberson J. A. Serique, Alan Snyder, Debra Willrett, Daniel L. Rubin, Dilvan A. Moreira",Using the Semantic Web and Web Apps to Connect Radiologists and Oncologists.,WETICE,,480-485,2012,10.1109/WETICE.2012.45,https://doi.org/10.1109/WETICE.2012.45
166,"João Paulo Orlando, Adriano Rivolli, Saeed Hassanpour, Martin J. O&apos;Connor, Amar K. Das, Dilvan A. Moreira",SWRL Rule Editor - A Web Application as Rich as Desktop Business Rule Editors.,ICEIS,,258-263,2012,,
167,"Kamila Rios da Hora Rodrigues, Suetônio da Silva Pereira, Maria da Graça Campos Pimentel, César Augusto Camillo Teixeira",FIND - facilitating the identification of intervals and moments for incorporation of additional content in continuous media.,WebMedia,,265-268,2012,10.1145/2382636.2382692,https://doi.org/10.1145/2382636.2382692
168,"Kamila R. H. Rodrigues, Maíra C. Canal, Rogério Aparecido Campanari Xavier, Tatiana Silva de Alencar, Vânia Paula de Almeida Néris","Avaliando aspectos de privacidade no Facebook pelas lentes de usabilidade, acessibilidade e fatores emocionais.",IHC,,75-76,2012,,http://dl.acm.org/citation.cfm?id=2400112
169,"Danny Hughes 0001, Jo Ueyama, Eduardo M. Mendiondo, Nelson Matthys, Wouter Horré, Sam Michiels, Christophe Huygens, Wouter Joosen, Ka Lok Man, Sheng-Uei Guan",A middleware platform to support river monitoring using wireless sensor networks.,J. Braz. Comp. Soc.,17,85-102,2011,10.1007/S13173-011-0029-3,https://doi.org/10.1007/s13173-011-0029-3
170,"Silvana Maria Affonso de Lara, Denis Oliveira, Renata Pontin de Mattos Fortes",Acessibilidade sensível ao contexto para adultos mais velhos em sistemas web.,IHC+CLIHC,,353-357,2011,,http://dl.acm.org/citation.cfm?id=2254494
171,"Silvana Maria Affonso de Lara, Denis Oliveira, Renata P. M. Fortes",Context sensitive accessibility aid to middle-aged adults and elderly users in web systems.,SIGDOC,,33-36,2011,10.1145/2038476.2038482,https://doi.org/10.1145/2038476.2038482
172,"Syed Hamid Tirmizi, Stuart Aitken, Dilvan A. Moreira, Chris Mungall, Juan F. Sequeda, Nigam H. Shah, Daniel P. Miranker",Mapping between the OBO and OWL ontology languages.,J. Biomedical Semantics,2,S3,2011,,http://www.jbiomedsem.com/content/2/S1/S3
173,"Adriano Rivolli, João Paulo Orlando, Dilvan A. Moreira",An Analysis of Rules-based Systems to Improve SWRL Tools.,ICEIS,,191-194,2011,,
174,"Daniel Hughes 0001, Klaas Thoelen, Wouter Horré, Nelson Matthys, Javier del Cid, Sam Michiels, Christophe Huygens, Wouter Joosen, Jo Ueyama",Building Wireless Sensor Network Applications with LooCI.,IJMCMC,2,38-64,2010,10.4018/JMCMC.2010100103,https://doi.org/10.4018/jmcmc.2010100103
175,"Jo Ueyama, Edmundo R. M. Madeira, François Taïani, Raphael Y. de Camargo, Paul Grace, Geoff Coulson",Exploiting a Generic Approach to Construct Component-Based Systems Software in Linux Environments.,International Journal of Software Engineering and Knowledge Engineering,20,843-873,2010,10.1142/S0218194010004967,https://doi.org/10.1142/S0218194010004967
176,"Liana Barachisio Lisboa, Vinicius Cardoso Garcia, Daniel Lucrédio, Eduardo Santana de Almeida, Silvio Romero de Lemos Meira, Renata Pontin de Mattos Fortes",A systematic review of domain analysis tools.,Inf. Softw. Technol.,52,1-13,2010,10.1016/J.INFSOF.2009.05.001,https://doi.org/10.1016/j.infsof.2009.05.001
177,"Flávia Linhalis, Renata Pontin de Mattos Fortes, Dilvan de Abreu Moreira",OntoMap - an ontology-based architecture to perform the semantic mapping between an interlingua and software components.,Knowl. Inf. Syst.,22,319-345,2010,10.1007/S10115-009-0197-Z,https://doi.org/10.1007/s10115-009-0197-z
178,"Kamila R. H. Rodrigues, Erick Lazaro Melo, Patricia I. Nakagawa, César A. C. Teixeira",Interação com conteúdo complementar para apoio ao entendimento de programas televisivos.,IHC,,91-100,2010,,http://dl.acm.org/citation.cfm?id=1999604
179,"Cássio M. M. Pereira, César A. C. Teixeira, Daniel Corrêa Lobato, Maria da Graça Campos Pimentel",Preservation of ordering in a network of brokers.,SAC,,88-89,2009,10.1145/1529282.1529300,https://doi.org/10.1145/1529282.1529300
180,"Didier Augusto Vega-Oliveros, Diogo de Graça Pedrosa, Maria da Graça Campos Pimentel, Rudinei Goularte",Video navigation based on recent frames.,WebMedia,,36,2009,10.1145/1858477.1858513,https://doi.org/10.1145/1858477.1858513
181,"Syed Hamid Tirmizi, Stuart Aitken, Dilvan A. Moreira, Chris Mungall, Juan F. Sequeda, Nigam H. Shah, Daniel P. Miranker",OBO &amp; OWL - Roundtrip Ontology Transformations.,SWAT4LS,,,2009,,http://ceur-ws.org/Vol-559/Paper6.pdf
182,"Geoff Coulson, Gordon S. Blair, Paul Grace, François Taïani, Ackbar Joolia, Kevin Lee, Jo Ueyama, Thirunavukkarasu Sivaharan",A generic component model for building systems software.,ACM Trans. Comput. Syst.,26,1:1-1:42,2008,10.1145/1328671.1328672,https://doi.org/10.1145/1328671.1328672
183,"Carlos Baladrón Zorita, Javier M. Aguiar, Belén Carro, Antonio Sánchez-Esguevillas, Matthias Baldauf, Peter Fröhlich, Przemyslaw Musialski, Paolo Falcarin, Oscar Rodriguez Rocha, Luca Costabello, Laurent-Walter Goix, Alejandro Cadenas, Federica Paganelli, David Parlanti, Dino Giuli, Maria da Graça Campos Pimentel, Renan G. Cattelan, Erick Lazaro Melo, César A. C. Teixeira, Claudia Raibulet",Integrating User-Generated Content and Pervasive Communications.,IEEE Pervasive Computing,7,58-61,2008,10.1109/MPRV.2008.76,https://doi.org/10.1109/MPRV.2008.76
184,"Cássio M. M. Pereira, Daniel Corrêa Lobato, César A. C. Teixeira, Maria da Graça Campos Pimentel",Achieving causal and total ordering in publish/subscribe middleware with DSM.,MW4SOC,,61-66,2008,10.1145/1462802.1462813,https://doi.org/10.1145/1462802.1462813
185,"Daniel Corrêa Lobato, Matheus Qualio Barbosa, Renato Bulcão Neto, César A. C. Teixeira, Maria da Graça Campos Pimentel",Exploiting semantic information on a message exchanging middleware.,SAC,,514-515,2008,10.1145/1363686.1363813,https://doi.org/10.1145/1363686.1363813
186,"Daniel Lucrédio, Kellyton dos Santos Brito, Alexandre Alvaro, Vinicius Cardoso Garcia, Eduardo Santana de Almeida, Renata Pontin de Mattos Fortes, Silvio Romero de Lemos Meira",Software reuse - The Brazilian industry scenario.,J. Syst. Softw.,81,996-1013,2008,10.1016/J.JSS.2007.08.036,https://doi.org/10.1016/j.jss.2007.08.036
187,"Eduardo Santana de Almeida, Eduardo Cruz Reis Santos, Alexandre Alvaro, Vinicius Cardoso Garcia, Silvio Romero de Lemos Meira, Daniel Lucrédio, Renata Pontin de Mattos Fortes",Domain Implementation in Software Product Lines Using OSGi.,ICCBSS,,72-81,2008,10.1109/ICCBSS.2008.19,https://doi.org/10.1109/ICCBSS.2008.19
188,"Daniel Lucrédio, Renata Pontin de Mattos Fortes, Eduardo Santana de Almeida, Silvio Romero de Lemos Meira",Performing Domain Analysis for Model-Driven Software Reuse.,ICSR,,200-211,2008,10.1007/978-3-540-68073-4_19,https://doi.org/10.1007/978-3-540-68073-4_19
189,"Vinicius Cardoso Garcia, Liana Barachisio Lisboa, Silvio Romero de Lemos Meira, Eduardo Santana de Almeida, Daniel Lucrédio, Renata Pontin de Mattos Fortes",Towards an Assessment Method for Software Reuse Capability (Short Paper).,QSIC,,294-299,2008,10.1109/QSIC.2008.58,https://doi.org/10.1109/QSIC.2008.58
190,"Eduardo Santana de Almeida, Alexandre Alvaro, Vinicius Cardoso Garcia, Daniel Lucrédio, Renata Pontin de Mattos Fortes, Silvio Romero de Lemos Meira",A Systematic Process for Domain Engineering.,SEKE,,655-660,2008,,
191,"Américo Talarico Neto, Thiago J. Bittar, Renata Pontin de Mattos Fortes, Kátia Felizardo",Abordagem para o desenvolvimento e avaliação de interfaces multimodais web pautada em princípios de usabilidade.,IHC,,21-30,2008,,https://dl.acm.org/citation.cfm?id=1497474
192,"Daniel L. Rubin, Dilvan A. Moreira, Pradip Kanjamala, Mark A. Musen",BioPortal - A Web Portal to Biomedical Ontologies.,AAAI Spring Symposium - Symbiotic Relationships between Semantic Web and Knowledge Engineering,,74-77,2008,,http://www.aaai.org/Library/Symposia/Spring/2008/ss08-07-011.php
193,"Vinicius Cardoso Garcia, Daniel Lucrédio, Alexandre Alvaro, Eduardo Santana de Almeida, Renata Pontin de Mattos Fortes, Silvio Romero de Lemos Meira",Towards a Maturity Model for a Reuse Incremental Adoption.,SBCARS,,61-74,2007,,http://www.lbd.dcc.ufmg.br/colecoes/sbcars/2007/005.pdf
194,"Diego F. de Carvalho, Júlio Cezar Estrella, André Pimenta Freire, Rudinei Goularte, Regina Helena Carlucci Santana, Renata Pontin de Mattos Fortes",Functional and device interoperability in an architectural model of geographic information system.,SIGDOC,,127-133,2007,10.1145/1297144.1297171,https://doi.org/10.1145/1297144.1297171
195,"Dilvan A. Moreira, Mark A. Musen",OBO to OWL - a protégé OWL tab to read/save OBO ontologies.,Bioinform.,23,1868-1870,2007,10.1093/BIOINFORMATICS/BTM258,https://doi.org/10.1093/bioinformatics/btm258
196,"Dilvan A. Moreira, Nigam H. Shah, Mark A. Musen",Interpretation Errors related to the GO Annotation File Format.,AMIA,,,2007,,http://knowledge.amia.org/amia-55142-a2007a-1.623841/t-001-1.624626/f-001-1.624627/a-102-1.624822/a-103-1.624819
197,"Vinicius Cardoso Garcia, Eduardo Santana de Almeida, Liana Barachisio Lisboa, Alexandre Costa Martins, Silvio Romero de Lemos Meira, Daniel Lucrédio, Renata Pontin de Mattos Fortes",Toward a Code Search Engine Based on the State-of-Art and Practice.,APSEC,,61-70,2006,10.1109/APSEC.2006.57,https://doi.org/10.1109/APSEC.2006.57
198,"Vinicius Cardoso Garcia, Daniel Lucrédio, Frederico Araújo Durão, Eduardo Cruz Reis Santos, Eduardo Santana de Almeida, Renata Pontin de Mattos Fortes, Silvio Romero de Lemos Meira",From Specification to Experimentation - A Software Component Search Engine Architecture.,CBSE,,82-97,2006,10.1007/11783565_6,https://doi.org/10.1007/11783565_6
199,"Flávia Linhalis, Dilvan de Abreu Moreira",Ontology-Based Application Server to the Execution of Imperative Natural Language Requests.,FQAS,,589-600,2006,10.1007/11766254_50,https://doi.org/10.1007/11766254_50
200,"Elaine Quintino da Silva, Dilvan de Abreu Moreira",WebMODE - A Framework for Development of Web-Based Tools for Management of Educational Activities.,ICALT,,922-924,2005,10.1109/ICALT.2005.307,https://doi.org/10.1109/ICALT.2005.307
201,"Flávia Linhalis, Dilvan de Abreu Moreira",Execution of Imperative Natural Language Requisitions Based on UNL Interlingua and Software Components.,ICEIS,,254-259,2005,,
202,"Geoff Coulson, Gordon S. Blair, David Hutchison, Ackbar Joolia, Kevin Lee, Jo Ueyama, Antônio Tadeu A. Gomes, Yimin Ye",NETKIT - a software component-based approach to programmable networking.,Computer Communication Review,33,55-66,2003,10.1145/963985.963991,https://doi.org/10.1145/963985.963991
203,"Evandro de Araújo Jardini, Dilvan de Abreu Moreira",Multithreaded parallel VLSI Leaf Cell Generator Using Agents 2.,VLSI,,190-196,2003,,
204,"Dilvan de Abreu Moreira, Elaine Quintino da Silva",A Method to Increase Student Interaction Using Student Groups and Peer Review over the Internet.,EAIT,8,47-54,2003,10.1023/A%3A1023926308385,https://doi.org/10.1023/A%3A1023926308385
205,"Elaine Quintino da Silva, Dilvan A. Moreira",WebCoM - a tool to use peer review to improve student interaction.,ACM Journal of Educational Resources in Computing,3,3,2003,10.1145/958795.958798,https://doi.org/10.1145/958795.958798
206,"Renato Bulcão Neto, Claudia Akemi Izeki, Maria da Graça Campos Pimentel, Renata Pontin de Mattos Fortes, Khai N. Truong",An open linking service supporting the authoring of web documents.,ACM Symposium on Document Engineering,,66-73,2002,10.1145/585058.585071,https://doi.org/10.1145/585058.585071
